id,rollout/opd_reverse_kl,rollout/truncated,rollout/response_lengths,rollout/log_probs,rollout/teacher_log_probs,rollout/ref_log_probs,train/loss,train/pg_loss,train/kl_loss,train/entropy_loss,train/grad_norm,train/lr-pg_0
1,0.138901,0.921875,4012.218750,-0.159529,-0.298430,-0.159529,0.138901,0.138901,0.000000,0.159040,1.035239,0.000002
2,0.141907,0.945312,4041.367188,-0.164173,-0.306080,-0.164218,0.141907,0.141907,0.000643,0.164032,1.038738,0.000002
3,0.143716,0.964844,4083.421875,-0.169220,-0.312936,-0.169339,0.143716,0.143716,0.000730,0.168061,1.044117,0.000002
4,0.137203,0.941406,4046.500000,-0.163755,-0.300958,-0.163904,0.137203,0.137203,0.000807,0.163398,0.990978,0.000002
5,0.135055,0.906250,3982.550781,-0.163470,-0.298525,-0.164173,0.135055,0.135055,0.001232,0.162858,0.917193,0.000002
6,0.126225,0.960938,4078.886719,-0.162581,-0.288806,-0.163892,0.126225,0.126225,0.001873,0.161278,0.797981,0.000002
7,0.127283,0.925781,4041.976562,-0.171484,-0.298767,-0.173294,0.127283,0.127283,0.002416,0.170392,0.837811,0.000002
8,0.132504,0.894531,4011.605469,-0.174127,-0.306632,-0.176441,0.132504,0.132504,0.002896,0.174020,0.816727,0.000002
9,0.132560,0.933594,4034.847656,-0.187641,-0.320201,-0.192365,0.132560,0.132560,0.005383,0.187378,0.754529,0.000002
10,0.126664,0.925781,4053.757812,-0.196640,-0.323304,-0.205579,0.126664,0.126664,0.009520,0.196752,0.750797,0.000002
11,0.132377,0.914062,4036.691406,-0.207516,-0.339894,-0.219334,0.132377,0.132377,0.012570,0.206726,0.751385,0.000002
12,0.126440,0.894531,4013.941406,-0.210529,-0.336970,-0.225090,0.126440,0.126440,0.015086,0.210737,0.728561,0.000002
13,0.126089,0.949219,4033.269531,-0.218251,-0.344340,-0.235522,0.126089,0.126089,0.017790,0.217535,0.723185,0.000002
14,0.123719,0.917969,4001.171875,-0.231659,-0.355378,-0.251620,0.123719,0.123719,0.020463,0.231187,0.729204,0.000002
15,0.119120,0.933594,4031.316406,-0.231211,-0.350331,-0.253205,0.119120,0.119120,0.022478,0.230019,0.656051,0.000002
16,0.124857,0.910156,4008.535156,-0.239853,-0.364710,-0.264590,0.124857,0.124857,0.025020,0.239249,0.887063,0.000002
17,0.112537,0.941406,4018.894531,-0.254362,-0.366898,-0.288152,0.112537,0.112537,0.034034,0.253390,0.663209,0.000002
18,0.116867,0.925781,4034.152344,-0.274920,-0.391787,-0.318568,0.116867,0.116867,0.043858,0.273991,0.613963,0.000002
19,0.115822,0.894531,4002.558594,-0.294205,-0.410027,-0.344166,0.115822,0.115822,0.050202,0.292918,0.610867,0.000002
20,0.118589,0.949219,4054.250000,-0.287729,-0.406319,-0.338282,0.118589,0.118589,0.050800,0.286273,0.598133,0.000002
21,0.111550,0.933594,4021.148438,-0.281247,-0.392797,-0.330725,0.111550,0.111550,0.049695,0.280920,0.520681,0.000002
22,0.120795,0.910156,4020.796875,-0.291319,-0.412114,-0.339867,0.120795,0.120795,0.048813,0.290090,0.512882,0.000002
23,0.124482,0.902344,3979.328125,-0.286311,-0.410792,-0.333886,0.124482,0.124482,0.047465,0.284509,0.673035,0.000002
24,0.116398,0.914062,4004.839844,-0.276842,-0.393240,-0.322231,0.116398,0.116398,0.045325,0.276498,0.477792,0.000002
25,0.102421,0.933594,4057.992188,-0.264089,-0.366510,-0.308203,0.102421,0.102421,0.044635,0.263564,0.451620,0.000002
26,0.119904,0.921875,3998.519531,-0.283361,-0.403265,-0.329473,0.119903,0.119903,0.046663,0.283017,0.498904,0.000002
27,0.115715,0.937500,4042.832031,-0.280856,-0.396570,-0.326947,0.115715,0.115715,0.046788,0.280231,0.458183,0.000002
28,0.116333,0.933594,4037.730469,-0.284016,-0.400348,-0.331143,0.116333,0.116333,0.047633,0.284183,0.442128,0.000002
29,0.114828,0.953125,4042.421875,-0.290323,-0.405152,-0.339171,0.114828,0.114828,0.049070,0.289322,0.433354,0.000002
30,0.116795,0.894531,3999.988281,-0.287218,-0.404013,-0.335637,0.116795,0.116795,0.048659,0.286857,0.466658,0.000002
31,0.107776,0.941406,4057.714844,-0.274629,-0.382405,-0.321808,0.107776,0.107776,0.047719,0.274254,0.411745,0.000002
32,0.112115,0.937500,4038.960938,-0.285644,-0.397759,-0.334949,0.112115,0.112115,0.049733,0.285284,0.428705,0.000002
33,0.110740,0.968750,4046.164062,-0.283281,-0.394021,-0.332754,0.110740,0.110740,0.049994,0.282791,0.451177,0.000002
34,0.112340,0.941406,4054.132812,-0.290813,-0.403153,-0.341695,0.112340,0.112340,0.051117,0.290293,0.444400,0.000002
35,0.116981,0.953125,4056.484375,-0.293449,-0.410429,-0.344395,0.116981,0.116981,0.051094,0.292113,0.434483,0.000002
36,0.114045,0.933594,4056.773438,-0.297446,-0.411491,-0.350733,0.114045,0.114045,0.053338,0.296268,0.447920,0.000002
37,0.122817,0.960938,4074.910156,-0.311471,-0.434288,-0.366931,0.122817,0.122817,0.055790,0.310414,0.423877,0.000002
38,0.113757,0.921875,4013.339844,-0.301544,-0.415301,-0.356033,0.113757,0.113757,0.054825,0.301654,0.419620,0.000002
39,0.110885,0.929688,4013.328125,-0.293472,-0.404357,-0.346911,0.110885,0.110885,0.053660,0.292810,0.649289,0.000002
40,0.110436,0.921875,4011.398438,-0.287013,-0.397448,-0.339293,0.110436,0.110436,0.052708,0.286409,0.418538,0.000002
41,0.115727,0.929688,4033.273438,-0.299463,-0.415190,-0.353617,0.115727,0.115727,0.054568,0.299068,0.427382,0.000002
42,0.114165,0.980469,4087.421875,-0.296305,-0.410470,-0.349735,0.114165,0.114165,0.054118,0.296767,0.438346,0.000002
43,0.118262,0.972656,4076.730469,-0.305541,-0.423803,-0.361908,0.118262,0.118262,0.057072,0.305976,0.418452,0.000002
44,0.118189,0.929688,4015.109375,-0.312143,-0.430332,-0.369857,0.118189,0.118189,0.058380,0.312528,0.455198,0.000002
45,0.108757,0.921875,4020.800781,-0.298972,-0.407729,-0.354836,0.108757,0.108757,0.056213,0.298360,0.413722,0.000002
46,0.108919,0.953125,4062.398438,-0.288876,-0.397795,-0.344100,0.108919,0.108919,0.055602,0.288332,0.428866,0.000002
47,0.104863,0.937500,4031.527344,-0.282959,-0.387823,-0.336840,0.104863,0.104863,0.054231,0.283178,0.386666,0.000002
48,0.112053,0.929688,4037.335938,-0.304189,-0.416242,-0.360656,0.112053,0.112053,0.057104,0.304457,0.426205,0.000002
49,0.107399,0.898438,4014.191406,-0.289624,-0.397022,-0.344560,0.107399,0.107399,0.055403,0.290201,0.416664,0.000002
50,0.109088,0.898438,4051.425781,-0.298651,-0.407740,-0.354500,0.109088,0.109088,0.055886,0.298060,0.395116,0.000002
51,0.107974,0.914062,4037.113281,-0.292917,-0.400892,-0.347846,0.107974,0.107974,0.055188,0.292623,0.405492,0.000002
52,0.105298,0.921875,3978.292969,-0.295714,-0.401012,-0.352520,0.105298,0.105298,0.056764,0.294875,0.407117,0.000002
53,0.117446,0.933594,4032.394531,-0.302914,-0.420360,-0.358470,0.117446,0.117446,0.056078,0.302550,0.390748,0.000002
54,0.110571,0.914062,4030.949219,-0.288501,-0.399071,-0.342987,0.110571,0.110571,0.054702,0.288019,0.387514,0.000002
55,0.109170,0.953125,4031.136719,-0.295504,-0.404674,-0.352339,0.109170,0.109170,0.057066,0.295460,0.401515,0.000002
56,0.108926,0.949219,4058.433594,-0.288308,-0.397234,-0.343421,0.108926,0.108926,0.055303,0.288475,0.406254,0.000002
57,0.107514,0.898438,3988.394531,-0.294578,-0.402092,-0.350865,0.107514,0.107514,0.056640,0.294591,0.406975,0.000002
58,0.112043,0.953125,4058.382812,-0.298324,-0.410368,-0.354557,0.112043,0.112043,0.056485,0.298048,0.381002,0.000002
59,0.115286,0.953125,4061.207031,-0.306029,-0.421315,-0.364790,0.115286,0.115286,0.058919,0.304982,0.407141,0.000002
60,0.118019,0.910156,3978.898438,-0.316581,-0.434600,-0.376425,0.118019,0.118019,0.060272,0.316514,0.458941,0.000002
61,0.115207,0.957031,4037.949219,-0.312913,-0.428120,-0.371954,0.115207,0.115207,0.059344,0.312309,0.421135,0.000002
62,0.112992,0.937500,4038.234375,-0.297749,-0.410741,-0.354457,0.112992,0.112992,0.056793,0.297632,0.397266,0.000002
63,0.112178,0.929688,4001.753906,-0.294307,-0.406485,-0.350596,0.112178,0.112178,0.056569,0.294112,0.405916,0.000002
64,0.112803,0.894531,3946.097656,-0.302154,-0.414957,-0.359750,0.112803,0.112803,0.057521,0.301056,0.436171,0.000002
65,0.114109,0.929688,4037.675781,-0.306853,-0.420962,-0.366069,0.114109,0.114109,0.059552,0.306551,0.392700,0.000002
66,0.110653,0.925781,4007.781250,-0.303756,-0.414408,-0.363206,0.110653,0.110653,0.059585,0.303168,0.439045,0.000002
67,0.115600,0.921875,4032.496094,-0.314319,-0.429919,-0.375525,0.115600,0.115600,0.061522,0.313125,0.415741,0.000002
68,0.104370,0.910156,4023.824219,-0.287489,-0.391859,-0.344684,0.104370,0.104370,0.057373,0.286824,0.399116,0.000002
69,0.105826,0.906250,3926.597656,-0.294554,-0.400379,-0.353125,0.105826,0.105826,0.058895,0.294648,0.411785,0.000002
70,0.112441,0.910156,3987.285156,-0.308428,-0.420869,-0.369021,0.112441,0.112441,0.060973,0.307326,0.437097,0.000002
71,0.115838,0.894531,4010.945312,-0.303383,-0.419221,-0.362206,0.115838,0.115838,0.059278,0.303606,0.424080,0.000002
72,0.107495,0.917969,4004.289062,-0.305662,-0.413157,-0.365890,0.107495,0.107495,0.061066,0.306384,0.395307,0.000002
73,0.114752,0.914062,3997.007812,-0.307270,-0.422022,-0.367272,0.114752,0.114752,0.060393,0.306907,0.401258,0.000002
74,0.107124,0.921875,4050.343750,-0.294421,-0.401545,-0.353157,0.107124,0.107124,0.058901,0.293169,0.403501,0.000002
75,0.102482,0.878906,3985.921875,-0.286495,-0.388977,-0.343611,0.102482,0.102482,0.057801,0.286635,0.433595,0.000002
76,0.104670,0.890625,3966.675781,-0.279701,-0.384371,-0.335446,0.104670,0.104670,0.055998,0.278869,0.453151,0.000002
77,0.106070,0.941406,4005.347656,-0.288846,-0.394916,-0.347080,0.106070,0.106070,0.058596,0.287985,0.397926,0.000002
78,0.108349,0.906250,4020.984375,-0.298828,-0.407177,-0.358904,0.108349,0.108349,0.060584,0.298624,0.415312,0.000002
79,0.109285,0.968750,4053.210938,-0.297592,-0.406877,-0.356728,0.109285,0.109285,0.059159,0.297625,0.395808,0.000002
80,0.111536,0.976562,4064.191406,-0.303756,-0.415292,-0.364054,0.111536,0.111536,0.060616,0.302755,0.409837,0.000002
81,0.107202,0.925781,4006.734375,-0.298902,-0.406104,-0.358456,0.107202,0.107202,0.060354,0.299226,0.398814,0.000002
82,0.107866,0.894531,3975.007812,-0.289333,-0.397199,-0.347389,0.107866,0.107866,0.058336,0.288512,0.395390,0.000002
83,0.107179,0.921875,4030.785156,-0.299130,-0.406310,-0.359820,0.107179,0.107179,0.060933,0.298750,0.393363,0.000002
84,0.110144,0.882812,4003.792969,-0.295305,-0.405449,-0.354854,0.110144,0.110144,0.059937,0.295512,1.247279,0.000002
85,0.106636,0.941406,4032.996094,-0.291301,-0.397937,-0.349449,0.106636,0.106636,0.058381,0.291421,0.387044,0.000002
86,0.111047,0.949219,4041.648438,-0.308521,-0.419568,-0.370541,0.111047,0.111047,0.062332,0.308416,0.387379,0.000002
87,0.109396,0.925781,4023.746094,-0.304249,-0.413645,-0.365834,0.109396,0.109396,0.061562,0.303656,0.432561,0.000002
88,0.103669,0.925781,3997.246094,-0.290988,-0.394657,-0.350435,0.103669,0.103669,0.059526,0.290071,0.467490,0.000002
89,0.110735,0.925781,4030.156250,-0.309982,-0.420717,-0.372517,0.110735,0.110735,0.062752,0.308832,0.386448,0.000002
90,0.115374,0.960938,4064.542969,-0.301557,-0.416932,-0.360984,0.115374,0.115374,0.059489,0.300916,0.403185,0.000002
91,0.110185,0.925781,4019.683594,-0.302514,-0.412699,-0.364666,0.110185,0.110185,0.062054,0.300609,0.404895,0.000002
92,0.104049,0.910156,4010.214844,-0.284952,-0.389000,-0.343681,0.104049,0.104049,0.058908,0.284758,0.386053,0.000002
93,0.102291,0.878906,3974.796875,-0.290829,-0.393121,-0.349388,0.102291,0.102291,0.059408,0.291046,0.373630,0.000002
94,0.111804,0.925781,3988.214844,-0.297943,-0.409747,-0.357940,0.111804,0.111804,0.060567,0.297668,0.442966,0.000002
95,0.107931,0.906250,3979.281250,-0.293989,-0.401920,-0.353645,0.107931,0.107931,0.059736,0.293175,0.401842,0.000002
96,0.106233,0.921875,4011.980469,-0.288338,-0.394571,-0.347618,0.106233,0.106233,0.059499,0.288069,0.464932,0.000002
97,0.111477,0.925781,3985.101562,-0.296240,-0.407717,-0.357410,0.111477,0.111477,0.061323,0.294953,0.442741,0.000002
98,0.110093,0.933594,4036.562500,-0.302047,-0.412139,-0.363739,0.110093,0.110093,0.061987,0.302075,0.387749,0.000002
99,0.113373,0.902344,3960.441406,-0.309092,-0.422465,-0.371869,0.113373,0.113373,0.062816,0.307571,0.447575,0.000002
100,0.116401,0.937500,4055.433594,-0.303509,-0.419910,-0.364773,0.116401,0.116401,0.061923,0.304240,0.423149,0.000002
101,0.111166,0.937500,4032.054688,-0.306019,-0.417185,-0.368690,0.111166,0.111166,0.063234,0.305931,0.502827,0.000002
102,0.109791,0.890625,4012.628906,-0.289111,-0.398902,-0.347858,0.109790,0.109790,0.059255,0.289150,0.394178,0.000002
103,0.112354,0.937500,4032.937500,-0.309919,-0.422272,-0.372463,0.112354,0.112354,0.062872,0.309529,0.486818,0.000002
104,0.108903,0.914062,3998.597656,-0.302869,-0.411771,-0.365670,0.108903,0.108903,0.062998,0.301789,0.400741,0.000002
105,0.106187,0.875000,3966.121094,-0.297026,-0.403213,-0.358958,0.106187,0.106187,0.061991,0.296205,0.398448,0.000002
106,0.107498,0.839844,3881.578125,-0.292024,-0.399521,-0.353036,0.107498,0.107498,0.060907,0.290745,0.404717,0.000002
107,0.112501,0.925781,4055.714844,-0.310213,-0.422714,-0.373507,0.112501,0.112501,0.063390,0.309411,0.391122,0.000002
108,0.100354,0.984375,4087.726562,-0.281086,-0.381440,-0.338821,0.100354,0.100354,0.057840,0.279617,0.386205,0.000002
109,0.111471,0.925781,4033.328125,-0.304604,-0.416075,-0.367711,0.111471,0.111471,0.063201,0.304249,0.404818,0.000002
110,0.103482,0.945312,4032.839844,-0.292089,-0.395571,-0.352605,0.103482,0.103482,0.060894,0.292516,0.379665,0.000002
111,0.114348,0.914062,3991.691406,-0.303339,-0.417687,-0.365427,0.114348,0.114348,0.062252,0.302542,0.416928,0.000002
112,0.112060,0.949219,4056.496094,-0.306310,-0.418370,-0.369831,0.112060,0.112060,0.063763,0.306066,0.662277,0.000002
113,0.109029,0.921875,4034.851562,-0.301790,-0.410819,-0.364597,0.109029,0.109029,0.063152,0.301172,0.406517,0.000002
114,0.102933,0.945312,4059.132812,-0.288103,-0.391036,-0.347721,0.102933,0.102933,0.059867,0.287282,0.436182,0.000002
115,0.105142,0.921875,4036.941406,-0.294316,-0.399458,-0.355304,0.105142,0.105142,0.061253,0.294430,0.382591,0.000002
116,0.107702,0.902344,3991.695312,-0.293947,-0.401649,-0.355450,0.107702,0.107702,0.061845,0.293791,0.409044,0.000002
117,0.109280,0.921875,4027.250000,-0.301990,-0.411270,-0.363945,0.109280,0.109280,0.062257,0.301750,0.377634,0.000002
118,0.106628,0.933594,4047.871094,-0.291038,-0.397666,-0.351119,0.106628,0.106628,0.060448,0.290559,0.394976,0.000002
119,0.110633,0.914062,4040.539062,-0.299262,-0.409895,-0.360689,0.110633,0.110633,0.061599,0.298743,0.416846,0.000002
120,0.106604,0.914062,3994.199219,-0.295019,-0.401623,-0.355726,0.106604,0.106604,0.060790,0.293543,0.443829,0.000002
121,0.101766,0.902344,4008.835938,-0.289079,-0.390845,-0.349513,0.101766,0.101766,0.060800,0.288805,0.380392,0.000002
122,0.113175,0.917969,4022.140625,-0.306311,-0.419486,-0.369428,0.113175,0.113175,0.063029,0.305561,0.393089,0.000002
123,0.106747,0.960938,4074.140625,-0.300506,-0.407254,-0.363240,0.106748,0.106748,0.062877,0.299648,0.405121,0.000002
124,0.104044,0.933594,4056.355469,-0.292856,-0.396900,-0.354526,0.104044,0.104044,0.061803,0.292540,0.380210,0.000002
125,0.109840,0.929688,4017.871094,-0.298494,-0.408334,-0.359794,0.109840,0.109840,0.061552,0.298232,0.377559,0.000002
126,0.104925,0.886719,3965.023438,-0.291813,-0.396738,-0.352388,0.104925,0.104925,0.060868,0.291982,0.367401,0.000002
127,0.109175,0.914062,4038.554688,-0.304520,-0.413694,-0.366576,0.109175,0.109175,0.062732,0.304840,0.397105,0.000002
128,0.108858,0.953125,4065.671875,-0.311007,-0.419865,-0.376173,0.108858,0.108858,0.065108,0.309541,0.395328,0.000002
129,0.103157,0.886719,3981.121094,-0.290253,-0.393410,-0.351308,0.103157,0.103157,0.061063,0.289561,0.375409,0.000002
130,0.106919,0.937500,4016.382812,-0.305252,-0.412171,-0.370412,0.106919,0.106919,0.065363,0.304368,0.402031,0.000002
131,0.105610,0.886719,3970.503906,-0.308983,-0.414593,-0.375416,0.105610,0.105610,0.066651,0.308458,0.378847,0.000002
132,0.104620,0.906250,3974.035156,-0.293141,-0.397761,-0.354638,0.104620,0.104620,0.061467,0.292523,0.399971,0.000002
133,0.108193,0.882812,3982.175781,-0.306968,-0.415161,-0.372215,0.108193,0.108193,0.065415,0.306291,0.442214,0.000002
134,0.110713,0.925781,4035.187500,-0.299079,-0.409792,-0.360622,0.110713,0.110713,0.062360,0.299810,0.398000,0.000002
135,0.101987,0.921875,4046.871094,-0.290103,-0.392091,-0.352374,0.101987,0.101987,0.062244,0.289592,0.378907,0.000002
136,0.111630,0.902344,3981.507812,-0.303045,-0.414675,-0.366999,0.111630,0.111630,0.064327,0.303200,0.427793,0.000002
137,0.112270,0.949219,4060.542969,-0.311887,-0.424156,-0.376736,0.112270,0.112270,0.065280,0.311736,0.396423,0.000002
138,0.107200,0.886719,3997.414062,-0.302781,-0.409981,-0.366705,0.107200,0.107200,0.064316,0.303164,0.394781,0.000002
139,0.108570,0.937500,4047.984375,-0.305044,-0.413614,-0.369053,0.108570,0.108570,0.064201,0.304543,0.407508,0.000002
140,0.108857,0.949219,4074.808594,-0.300996,-0.409853,-0.364085,0.108857,0.108857,0.063464,0.301486,0.401928,0.000002
141,0.101995,0.941406,4071.738281,-0.286128,-0.388124,-0.346025,0.101995,0.101995,0.059988,0.285298,0.404297,0.000002
142,0.108026,0.921875,4020.964844,-0.296079,-0.404106,-0.357890,0.108026,0.108026,0.062097,0.295817,0.396750,0.000002
143,0.105908,0.925781,4027.230469,-0.304776,-0.410685,-0.369303,0.105909,0.105909,0.064547,0.303804,0.405212,0.000002
144,0.101156,0.945312,4009.507812,-0.280922,-0.382078,-0.339279,0.101156,0.101156,0.058823,0.281034,0.386171,0.000002
145,0.107261,0.945312,4054.773438,-0.294559,-0.401820,-0.355937,0.107261,0.107261,0.060934,0.293070,0.400110,0.000002
146,0.108877,0.894531,4016.253906,-0.294648,-0.403525,-0.356533,0.108877,0.108877,0.061597,0.293735,0.388206,0.000002
147,0.110313,0.914062,4004.085938,-0.307924,-0.418236,-0.373065,0.110313,0.110313,0.065172,0.307230,0.409774,0.000002
148,0.106997,0.890625,3974.468750,-0.302268,-0.409266,-0.365730,0.106997,0.106997,0.063678,0.302073,0.406752,0.000002
149,0.106448,0.964844,4082.203125,-0.298703,-0.405151,-0.362198,0.106448,0.106448,0.063552,0.297818,0.385319,0.000002
150,0.100362,0.894531,4001.089844,-0.292751,-0.393114,-0.354525,0.100362,0.100362,0.062069,0.292047,0.368632,0.000002
151,0.106954,0.929688,4023.617188,-0.298182,-0.405137,-0.360775,0.106954,0.106954,0.063015,0.297434,0.412377,0.000002
152,0.102549,0.898438,3979.957031,-0.290464,-0.393013,-0.352564,0.102549,0.102549,0.061870,0.289090,0.397141,0.000002
153,0.110270,0.898438,4029.714844,-0.304894,-0.415163,-0.368557,0.110270,0.110270,0.063816,0.304995,0.840529,0.000002
154,0.106977,0.875000,3973.421875,-0.306795,-0.413772,-0.372141,0.106977,0.106977,0.065297,0.305940,0.394925,0.000002
155,0.112517,0.925781,4024.707031,-0.306385,-0.418902,-0.370160,0.112517,0.112517,0.064240,0.305737,0.644892,0.000002
156,0.107083,0.906250,3985.718750,-0.301192,-0.408275,-0.365118,0.107083,0.107083,0.064160,0.301034,0.403190,0.000002
157,0.107805,0.941406,4039.460938,-0.306562,-0.414367,-0.371372,0.107805,0.107805,0.065325,0.306594,0.474271,0.000002
158,0.105213,0.914062,4023.933594,-0.298262,-0.403475,-0.361315,0.105213,0.105213,0.063126,0.297534,0.382305,0.000002
159,0.103649,0.941406,4032.511719,-0.299612,-0.403260,-0.362803,0.103649,0.103649,0.063923,0.299802,0.380394,0.000002
160,0.106407,0.875000,3984.390625,-0.292603,-0.399010,-0.354539,0.106407,0.106407,0.062491,0.292915,0.381437,0.000002
161,0.109347,0.957031,4066.996094,-0.312772,-0.422119,-0.379315,0.109347,0.109347,0.066798,0.312812,0.396693,0.000002
162,0.109308,0.945312,4047.781250,-0.305845,-0.415153,-0.370201,0.109308,0.109308,0.064669,0.305060,0.409358,0.000002
163,0.107812,0.937500,4066.113281,-0.304753,-0.412565,-0.369752,0.107812,0.107812,0.065478,0.304750,0.393535,0.000002
164,0.102670,0.871094,3869.597656,-0.294623,-0.397293,-0.358391,0.102670,0.102670,0.064454,0.294212,0.413878,0.000002
165,0.109321,0.960938,4060.292969,-0.313410,-0.422732,-0.379276,0.109321,0.109321,0.066631,0.314548,0.457472,0.000002
166,0.102811,0.917969,4035.269531,-0.289506,-0.392317,-0.351208,0.102811,0.102811,0.061671,0.288622,0.398093,0.000002
167,0.104647,0.890625,3998.472656,-0.293578,-0.398225,-0.357432,0.104647,0.104647,0.063791,0.292969,0.412404,0.000002
168,0.109997,0.925781,4046.042969,-0.297870,-0.407867,-0.360450,0.109997,0.109997,0.062956,0.297993,0.406493,0.000002
169,0.113727,0.910156,4006.449219,-0.313090,-0.426818,-0.380370,0.113727,0.113727,0.067324,0.312204,0.406862,0.000002
170,0.105627,0.906250,4002.371094,-0.293785,-0.399412,-0.356719,0.105627,0.105627,0.063037,0.292970,0.413087,0.000002
171,0.106075,0.839844,3870.144531,-0.294202,-0.400277,-0.357864,0.106075,0.106075,0.063672,0.294367,0.409014,0.000002
172,0.106272,0.890625,4029.890625,-0.296251,-0.402523,-0.358571,0.106272,0.106272,0.062650,0.296619,0.402561,0.000002
173,0.107598,0.878906,3955.492188,-0.298450,-0.406049,-0.361201,0.107598,0.107598,0.063517,0.298974,0.400726,0.000002
174,0.101112,0.925781,4006.453125,-0.286960,-0.388072,-0.347560,0.101112,0.101112,0.060899,0.287477,0.402490,0.000002
175,0.106255,0.882812,3958.558594,-0.307019,-0.413274,-0.372710,0.106255,0.106255,0.065962,0.307409,0.387805,0.000002
176,0.100447,0.902344,3990.843750,-0.288964,-0.389412,-0.351300,0.100447,0.100447,0.062841,0.289407,0.374112,0.000002
177,0.104164,0.859375,3950.464844,-0.305838,-0.410002,-0.371925,0.104164,0.104164,0.066376,0.304952,0.492433,0.000002
178,0.103621,0.863281,3974.691406,-0.303760,-0.407381,-0.369534,0.103621,0.103621,0.065796,0.303585,0.395108,0.000002
179,0.115434,0.957031,4043.582031,-0.317456,-0.432890,-0.384967,0.115434,0.115434,0.067575,0.316616,0.921128,0.000002
180,0.107141,0.894531,4026.324219,-0.309566,-0.416708,-0.376166,0.107141,0.107141,0.067242,0.309061,0.389457,0.000002
181,0.104945,0.894531,3985.054688,-0.295017,-0.399963,-0.358824,0.104945,0.104945,0.064212,0.295293,0.381969,0.000002
182,0.107853,0.914062,4025.253906,-0.304829,-0.412682,-0.369995,0.107853,0.107853,0.065555,0.305094,0.423909,0.000002
183,0.110755,0.957031,4061.769531,-0.309559,-0.420314,-0.374965,0.110755,0.110755,0.065565,0.308872,0.395979,0.000002
184,0.101706,0.910156,3997.371094,-0.293297,-0.395003,-0.355990,0.101706,0.101706,0.063117,0.292662,0.417728,0.000002
185,0.109418,0.929688,4045.183594,-0.313961,-0.423379,-0.380568,0.109418,0.109418,0.066972,0.313999,0.402165,0.000002
186,0.097293,0.898438,3985.621094,-0.288586,-0.385880,-0.352122,0.097293,0.097293,0.063455,0.287397,0.395545,0.000002
187,0.103166,0.933594,4025.894531,-0.305731,-0.408897,-0.372772,0.103166,0.103166,0.067380,0.305145,0.415838,0.000002
188,0.103836,0.949219,4056.484375,-0.298461,-0.402297,-0.363116,0.103836,0.103836,0.065229,0.298828,0.378937,0.000002
189,0.104797,0.906250,3991.062500,-0.298080,-0.402877,-0.362217,0.104797,0.104797,0.064400,0.298126,0.400896,0.000002
190,0.101271,0.921875,4058.359375,-0.293550,-0.394821,-0.357997,0.101271,0.101271,0.064210,0.292142,0.380263,0.000002
191,0.108137,0.929688,3983.914062,-0.305135,-0.413272,-0.371431,0.108137,0.108137,0.066546,0.305125,0.393610,0.000002
192,0.105387,0.902344,4018.984375,-0.310182,-0.415570,-0.376941,0.105387,0.105387,0.067229,0.310216,0.381446,0.000002
193,0.107693,0.949219,4052.441406,-0.307558,-0.415251,-0.373366,0.107693,0.107693,0.065958,0.307105,0.428704,0.000002
194,0.104360,0.941406,4037.750000,-0.307019,-0.411378,-0.372963,0.104360,0.104360,0.066359,0.306932,0.393749,0.000002
195,0.109893,0.933594,3998.191406,-0.310372,-0.420264,-0.376968,0.109893,0.109893,0.066796,0.309912,0.432262,0.000002
196,0.109565,0.898438,4019.195312,-0.305887,-0.415452,-0.372175,0.109565,0.109565,0.066310,0.305627,0.483003,0.000002
197,0.101905,0.917969,4002.300781,-0.292342,-0.394248,-0.355479,0.101905,0.101905,0.063191,0.292409,0.397260,0.000002
198,0.099015,0.937500,4045.644531,-0.275866,-0.374881,-0.335056,0.099015,0.099015,0.059563,0.275576,0.388961,0.000002
199,0.102844,0.906250,4005.925781,-0.290902,-0.393745,-0.353996,0.102844,0.102844,0.063410,0.289962,0.404696,0.000002
200,0.104892,0.960938,4064.179688,-0.304064,-0.408956,-0.369427,0.104892,0.104892,0.065610,0.303993,0.396545,0.000002
201,0.111211,0.917969,4037.945312,-0.310403,-0.421613,-0.376257,0.111211,0.111211,0.066303,0.311162,0.398085,0.000002
202,0.107498,0.925781,4004.679688,-0.299702,-0.407200,-0.364705,0.107498,0.107498,0.064966,0.299612,0.392583,0.000002
203,0.106978,0.960938,4080.531250,-0.312563,-0.419541,-0.380363,0.106978,0.106978,0.068331,0.312362,0.417073,0.000002
204,0.106025,0.921875,4015.121094,-0.307829,-0.413854,-0.374977,0.106025,0.106025,0.067553,0.307361,0.369641,0.000002
205,0.107796,0.976562,4079.316406,-0.309416,-0.417212,-0.375564,0.107796,0.107796,0.066539,0.309367,0.388303,0.000002
206,0.100557,0.984375,4085.152344,-0.294506,-0.395063,-0.359468,0.100557,0.100557,0.065273,0.293941,0.380096,0.000002
207,0.114831,0.964844,4070.726562,-0.306552,-0.421383,-0.371822,0.114831,0.114831,0.065604,0.306177,0.406966,0.000002
208,0.107076,0.902344,3994.433594,-0.304262,-0.411338,-0.370952,0.107076,0.107076,0.066329,0.303123,0.427891,0.000002
209,0.100938,0.820312,3952.953125,-0.287930,-0.388868,-0.350954,0.100938,0.100938,0.063130,0.287675,0.369842,0.000002
210,0.104073,0.921875,4022.691406,-0.300907,-0.404980,-0.365796,0.104073,0.104073,0.065418,0.300612,0.411689,0.000002
211,0.101900,0.863281,3966.949219,-0.294061,-0.395961,-0.359559,0.101900,0.101900,0.065362,0.292998,0.381346,0.000002
212,0.104816,0.976562,4085.160156,-0.307731,-0.412546,-0.374252,0.104816,0.104816,0.067099,0.307619,0.372129,0.000002
213,0.108354,0.957031,4069.507812,-0.307996,-0.416350,-0.375316,0.108354,0.108354,0.067502,0.307074,0.408110,0.000002
214,0.105906,0.886719,3994.730469,-0.297504,-0.403410,-0.362413,0.105906,0.105906,0.065095,0.297057,0.398148,0.000002
215,0.105166,0.878906,3975.878906,-0.300949,-0.406115,-0.367041,0.105166,0.105166,0.065910,0.299757,0.394604,0.000002
216,0.098584,0.886719,3999.210938,-0.291901,-0.390486,-0.356475,0.098584,0.098584,0.064750,0.290828,0.375667,0.000002
217,0.096094,0.941406,4065.437500,-0.282009,-0.378103,-0.343345,0.096094,0.096094,0.061774,0.281813,0.355543,0.000002
218,0.109882,0.910156,3958.417969,-0.309036,-0.418917,-0.376101,0.109882,0.109882,0.067383,0.308951,0.410985,0.000002
219,0.101110,0.914062,4033.496094,-0.292527,-0.393637,-0.357365,0.101110,0.101110,0.065065,0.292142,0.378187,0.000002
220,0.110874,0.949219,4062.804688,-0.305863,-0.416737,-0.372134,0.110874,0.110874,0.066351,0.305652,0.396597,0.000002
221,0.107992,0.929688,4059.367188,-0.304333,-0.412325,-0.372074,0.107992,0.107992,0.067488,0.303020,0.406127,0.000002
222,0.110766,0.949219,4055.257812,-0.318855,-0.429621,-0.388731,0.110766,0.110766,0.070124,0.318696,0.380899,0.000002
223,0.102444,0.917969,4015.777344,-0.303802,-0.406246,-0.371766,0.102444,0.102444,0.068328,0.303147,0.369416,0.000002
224,0.104567,0.921875,3997.156250,-0.295363,-0.399930,-0.360380,0.104567,0.104567,0.065034,0.295012,0.398268,0.000002
225,0.106999,0.910156,4018.773438,-0.310729,-0.417728,-0.378577,0.106999,0.106999,0.067669,0.310405,0.386795,0.000002
226,0.101753,0.875000,3973.566406,-0.287611,-0.389364,-0.350924,0.101753,0.101753,0.063258,0.286142,0.393396,0.000002
227,0.097628,0.914062,3989.468750,-0.290024,-0.387652,-0.354881,0.097628,0.097628,0.064667,0.288587,0.355219,0.000002
228,0.104741,0.917969,4002.566406,-0.295288,-0.400030,-0.359212,0.104741,0.104741,0.064162,0.294722,0.405587,0.000002
229,0.103705,0.886719,4015.792969,-0.301249,-0.404954,-0.366290,0.103705,0.103705,0.065385,0.300806,0.373076,0.000002
230,0.094501,0.902344,4017.910156,-0.281002,-0.375504,-0.343435,0.094501,0.094501,0.062513,0.280546,0.366354,0.000002
231,0.108814,0.914062,4037.902344,-0.317862,-0.426676,-0.388643,0.108814,0.108814,0.070683,0.317559,0.380705,0.000002
232,0.106832,0.871094,3962.351562,-0.316093,-0.422924,-0.385424,0.106832,0.106832,0.069400,0.316262,0.465545,0.000002
233,0.104607,0.914062,3972.722656,-0.291343,-0.395950,-0.355985,0.104607,0.104607,0.064708,0.290646,0.416670,0.000002
234,0.100592,0.882812,4022.437500,-0.287963,-0.388555,-0.350949,0.100592,0.100592,0.062914,0.288071,0.381245,0.000002
235,0.096877,0.937500,4037.097656,-0.298311,-0.395188,-0.364072,0.096877,0.096877,0.065471,0.296554,0.356806,0.000002
236,0.103825,0.933594,4016.835938,-0.304924,-0.408748,-0.371285,0.103825,0.103825,0.066399,0.304913,0.389374,0.000002
237,0.103741,0.871094,3934.570312,-0.298691,-0.402432,-0.364462,0.103741,0.103741,0.065536,0.296821,0.449811,0.000002
238,0.113903,0.925781,4001.664062,-0.300588,-0.414491,-0.363979,0.113903,0.113903,0.063783,0.300524,0.424248,0.000002
239,0.109052,0.875000,3973.441406,-0.294625,-0.403676,-0.357906,0.109052,0.109052,0.063468,0.293239,0.403492,0.000002
240,0.108690,0.957031,4077.183594,-0.303556,-0.412246,-0.368975,0.108690,0.108690,0.065593,0.302093,0.412065,0.000002
241,0.102558,0.949219,4064.183594,-0.294444,-0.397002,-0.357493,0.102558,0.102558,0.063317,0.294210,0.362284,0.000002
242,0.100402,0.980469,4091.886719,-0.294136,-0.394538,-0.357263,0.100402,0.100402,0.063450,0.293528,0.359712,0.000002
243,0.109023,0.964844,4073.445312,-0.304837,-0.413860,-0.370661,0.109023,0.109023,0.066014,0.304771,0.435562,0.000002
244,0.108033,0.902344,3971.070312,-0.301125,-0.409159,-0.367139,0.108033,0.108033,0.066464,0.301090,0.448865,0.000002
245,0.096724,0.929688,4017.082031,-0.285938,-0.382662,-0.347902,0.096723,0.096723,0.062225,0.286380,0.365696,0.000002
246,0.106611,0.972656,4073.722656,-0.302153,-0.408763,-0.367986,0.106610,0.106610,0.066117,0.301219,0.789342,0.000002
247,0.103796,0.933594,4023.128906,-0.297012,-0.400808,-0.363715,0.103796,0.103796,0.066654,0.295372,0.399812,0.000002
248,0.105281,0.921875,4038.859375,-0.302003,-0.407284,-0.368683,0.105281,0.105281,0.066460,0.300772,0.451192,0.000002
249,0.110557,0.933594,3983.625000,-0.318484,-0.429041,-0.388542,0.110557,0.110557,0.070112,0.317601,0.421340,0.000002
250,0.102037,0.980469,4086.964844,-0.300933,-0.402970,-0.366417,0.102037,0.102037,0.065596,0.300988,0.372292,0.000002
251,0.097997,0.886719,4005.738281,-0.286555,-0.384552,-0.348891,0.097997,0.097997,0.062981,0.287001,0.394198,0.000002
252,0.104640,0.890625,3985.890625,-0.296888,-0.401528,-0.361938,0.104641,0.104641,0.065623,0.297702,0.451948,0.000002
253,0.097292,0.898438,4020.828125,-0.293241,-0.390533,-0.357438,0.097292,0.097292,0.064912,0.293892,0.369319,0.000002
254,0.096688,0.933594,4048.890625,-0.285969,-0.382657,-0.348734,0.096688,0.096688,0.062786,0.285302,0.377258,0.000002
255,0.110550,0.945312,4055.503906,-0.319182,-0.429731,-0.389122,0.110549,0.110549,0.070149,0.318304,0.391796,0.000002
256,0.102680,0.957031,4066.910156,-0.299716,-0.402396,-0.366112,0.102680,0.102680,0.066418,0.298662,0.400698,0.000002
257,0.106375,0.929688,4032.703125,-0.309636,-0.416011,-0.377470,0.106375,0.106375,0.067781,0.309015,0.589655,0.000002
258,0.105487,0.914062,4005.074219,-0.301000,-0.406488,-0.367418,0.105487,0.105487,0.066555,0.300025,0.404672,0.000002
259,0.104991,0.960938,4079.464844,-0.298393,-0.403385,-0.363950,0.104991,0.104991,0.065586,0.296828,0.498157,0.000002
260,0.096346,0.890625,3993.585938,-0.295417,-0.391763,-0.360824,0.096346,0.096346,0.065973,0.295678,0.379326,0.000002
261,0.100895,0.910156,4022.875000,-0.296335,-0.397229,-0.360120,0.100895,0.100895,0.064099,0.295796,0.379183,0.000002
262,0.100710,0.937500,4059.382812,-0.297521,-0.398231,-0.362343,0.100710,0.100710,0.064790,0.296421,0.370033,0.000002
263,0.097230,0.875000,3972.953125,-0.276914,-0.374144,-0.337248,0.097230,0.097230,0.060535,0.276527,0.370391,0.000002
264,0.111400,0.910156,4023.910156,-0.309119,-0.420519,-0.376693,0.111400,0.111400,0.067604,0.308640,0.436502,0.000002
265,0.101623,0.917969,4007.980469,-0.284555,-0.386178,-0.346442,0.101623,0.101623,0.061956,0.284455,0.394582,0.000002
266,0.103203,0.875000,3968.207031,-0.291128,-0.394332,-0.355233,0.103203,0.103203,0.064294,0.291228,0.391437,0.000002
267,0.111383,0.953125,4032.027344,-0.316411,-0.427793,-0.385549,0.111383,0.111383,0.069459,0.315644,0.404298,0.000002
268,0.103338,0.886719,4007.683594,-0.303769,-0.407107,-0.372348,0.103338,0.103338,0.068415,0.303485,0.380289,0.000002
269,0.104785,0.953125,4028.917969,-0.305068,-0.409854,-0.373000,0.104785,0.104785,0.068478,0.304819,0.379174,0.000002
270,0.104528,0.921875,4022.253906,-0.306482,-0.411010,-0.373451,0.104528,0.104528,0.067717,0.307549,0.392316,0.000002
271,0.103875,0.925781,4021.519531,-0.293934,-0.397810,-0.358824,0.103875,0.103875,0.064786,0.294465,0.380678,0.000002
272,0.103719,0.941406,4043.175781,-0.298963,-0.402682,-0.364575,0.103719,0.103719,0.066036,0.298648,0.385316,0.000002
273,0.106716,0.949219,4057.171875,-0.304447,-0.411163,-0.370750,0.106716,0.106716,0.066523,0.303449,0.377553,0.000002
274,0.096450,0.925781,3998.007812,-0.282476,-0.378926,-0.345317,0.096450,0.096450,0.062814,0.281631,0.368466,0.000002
275,0.096835,0.890625,3961.691406,-0.286692,-0.383527,-0.350245,0.096835,0.096835,0.063748,0.286965,0.364289,0.000002
276,0.106521,0.929688,4047.031250,-0.309575,-0.416095,-0.377183,0.106521,0.106521,0.068006,0.309071,0.392488,0.000002
277,0.099320,0.906250,3987.171875,-0.292489,-0.391809,-0.358377,0.099320,0.099320,0.065776,0.292446,0.381680,0.000002
278,0.095619,0.886719,3984.589844,-0.280165,-0.375784,-0.341791,0.095619,0.095619,0.061862,0.279603,0.366112,0.000002
279,0.098004,0.898438,3977.539062,-0.289173,-0.387177,-0.353891,0.098004,0.098004,0.064719,0.289285,0.378517,0.000002
280,0.100653,0.960938,4064.164062,-0.292568,-0.393221,-0.355845,0.100653,0.100653,0.063706,0.291945,0.650588,0.000002
281,0.099434,0.906250,3997.710938,-0.286471,-0.385906,-0.350400,0.099435,0.099435,0.063622,0.285198,0.379950,0.000002
282,0.093419,0.933594,4025.863281,-0.284795,-0.378215,-0.348271,0.093419,0.093419,0.063214,0.284047,0.380686,0.000002
283,0.103770,0.949219,4071.953125,-0.299269,-0.403040,-0.366274,0.103771,0.103771,0.067405,0.299171,0.370767,0.000002
284,0.097257,0.875000,3995.195312,-0.292447,-0.389705,-0.358495,0.097257,0.097257,0.065729,0.290540,0.375863,0.000002
285,0.108426,0.988281,4086.812500,-0.311761,-0.420186,-0.379897,0.108426,0.108426,0.068651,0.311033,0.404487,0.000002
286,0.096384,0.906250,3986.660156,-0.296518,-0.392902,-0.361939,0.096384,0.096384,0.065775,0.297058,0.444962,0.000002
287,0.108492,0.960938,4066.742188,-0.311860,-0.420352,-0.380891,0.108492,0.108492,0.069399,0.311812,0.388841,0.000002
288,0.105872,0.933594,4049.531250,-0.311727,-0.417600,-0.381902,0.105872,0.105872,0.070326,0.310981,0.699243,0.000002
289,0.099755,0.933594,4041.894531,-0.306267,-0.406022,-0.375718,0.099755,0.099755,0.069718,0.306263,0.370796,0.000002
290,0.102499,0.937500,4034.855469,-0.293632,-0.396130,-0.358512,0.102499,0.102499,0.065197,0.293698,0.372130,0.000002
291,0.103185,0.910156,4010.167969,-0.300077,-0.403262,-0.366463,0.103185,0.103185,0.066775,0.300214,0.383930,0.000002
292,0.103893,0.917969,3994.800781,-0.310764,-0.414656,-0.377984,0.103893,0.103893,0.067486,0.310575,0.384721,0.000002
293,0.107342,0.925781,4038.996094,-0.313979,-0.421320,-0.384249,0.107342,0.107342,0.070378,0.312553,0.390515,0.000002
294,0.096215,0.945312,4022.402344,-0.279666,-0.375882,-0.341947,0.096215,0.096215,0.062336,0.279222,0.399670,0.000002
295,0.100060,0.902344,4006.167969,-0.292799,-0.392860,-0.357538,0.100060,0.100060,0.065034,0.292202,0.397453,0.000002
296,0.102062,0.882812,3973.039062,-0.296235,-0.398297,-0.362193,0.102062,0.102062,0.066177,0.295740,0.393374,0.000002
297,0.102336,0.898438,4017.835938,-0.298189,-0.400525,-0.364300,0.102336,0.102336,0.066364,0.298172,0.387199,0.000002
298,0.096918,0.847656,3972.574219,-0.281020,-0.377938,-0.345263,0.096918,0.096918,0.064039,0.280218,0.389537,0.000002
299,0.095997,0.925781,4019.796875,-0.291098,-0.387096,-0.356752,0.095997,0.095997,0.065474,0.289741,0.362585,0.000002
300,0.100093,0.953125,4057.718750,-0.309081,-0.409175,-0.379182,0.100093,0.100093,0.069737,0.307818,0.375435,0.000002
301,0.098371,0.929688,4040.691406,-0.292914,-0.391286,-0.358010,0.098371,0.098371,0.065202,0.292876,0.382442,0.000002
302,0.102045,0.902344,4018.535156,-0.300383,-0.402428,-0.367422,0.102045,0.102045,0.067225,0.300425,0.394745,0.000002
303,0.098842,0.945312,4058.800781,-0.298547,-0.397390,-0.364018,0.098842,0.098842,0.065798,0.297885,0.375378,0.000002
304,0.111872,0.914062,4039.601562,-0.315786,-0.427659,-0.383678,0.111872,0.111872,0.068235,0.315577,0.412639,0.000002
305,0.095827,0.898438,3991.953125,-0.295281,-0.391108,-0.360731,0.095827,0.095827,0.065771,0.295541,0.355636,0.000002
306,0.101436,0.945312,4007.589844,-0.298104,-0.399540,-0.363454,0.101436,0.101436,0.065812,0.297560,0.384628,0.000002
307,0.101972,0.917969,4012.882812,-0.291747,-0.393720,-0.355503,0.101972,0.101972,0.063632,0.291580,0.381057,0.000002
308,0.099110,0.917969,4003.695312,-0.288020,-0.387130,-0.352218,0.099110,0.099110,0.064332,0.287968,0.457286,0.000002
309,0.103846,0.878906,3939.152344,-0.295924,-0.399770,-0.361774,0.103846,0.103846,0.066651,0.295924,0.373578,0.000002
310,0.103411,0.886719,3996.550781,-0.299816,-0.403227,-0.368032,0.103411,0.103411,0.068249,0.299665,0.385988,0.000002
311,0.098972,0.867188,3983.406250,-0.301689,-0.400660,-0.369446,0.098972,0.098972,0.068019,0.301918,0.372130,0.000002
312,0.102407,0.960938,4049.761719,-0.298997,-0.401404,-0.366233,0.102407,0.102407,0.066866,0.298599,0.367670,0.000002
313,0.103395,0.855469,3954.066406,-0.304777,-0.408172,-0.372946,0.103395,0.103395,0.068548,0.305032,0.379289,0.000002
314,0.097488,0.933594,4041.625000,-0.303454,-0.400942,-0.373582,0.097488,0.097488,0.069896,0.302604,0.371385,0.000002
315,0.095242,0.925781,4014.234375,-0.288977,-0.384219,-0.354506,0.095242,0.095242,0.065825,0.288677,0.360618,0.000002
316,0.115154,0.921875,4006.324219,-0.336075,-0.451229,-0.410497,0.115154,0.115154,0.074801,0.335158,0.406282,0.000002
317,0.103004,0.875000,3976.730469,-0.300290,-0.403294,-0.369140,0.103005,0.103005,0.068969,0.299724,0.382329,0.000002
318,0.102709,0.929688,4025.875000,-0.300673,-0.403382,-0.368701,0.102709,0.102709,0.068088,0.299934,0.402967,0.000002
319,0.102639,0.953125,4057.250000,-0.297253,-0.399892,-0.364764,0.102639,0.102639,0.067807,0.296398,0.401252,0.000002
320,0.105339,0.953125,4053.421875,-0.305177,-0.410515,-0.374389,0.105339,0.105339,0.068965,0.304325,0.378853,0.000002
321,0.101052,0.957031,4042.390625,-0.289141,-0.390193,-0.353065,0.101052,0.101052,0.064184,0.288751,0.485110,0.000002
322,0.106065,0.953125,4027.812500,-0.310491,-0.416557,-0.379186,0.106065,0.106065,0.068653,0.309532,0.384339,0.000002
323,0.103929,0.871094,3999.937500,-0.314379,-0.418308,-0.386179,0.103929,0.103929,0.071850,0.313811,0.496589,0.000002
324,0.095747,0.933594,4035.574219,-0.289393,-0.385140,-0.355084,0.095747,0.095747,0.066045,0.289118,0.367364,0.000002
325,0.100135,0.945312,4044.019531,-0.299768,-0.399903,-0.367438,0.100135,0.100135,0.067867,0.298856,0.386010,0.000002
326,0.108692,0.937500,4018.789062,-0.306436,-0.415128,-0.372603,0.108692,0.108692,0.066506,0.307312,0.485837,0.000002
327,0.097583,0.890625,3987.324219,-0.288343,-0.385926,-0.352915,0.097583,0.097583,0.065032,0.287650,0.401102,0.000002
328,0.103676,0.859375,3915.582031,-0.305153,-0.408829,-0.375140,0.103676,0.103676,0.069767,0.303788,0.390923,0.000002
329,0.103401,0.902344,3987.902344,-0.302771,-0.406172,-0.369783,0.103401,0.103401,0.066980,0.302712,0.385361,0.000002
330,0.096875,0.953125,4054.597656,-0.290566,-0.387441,-0.355538,0.096875,0.096875,0.065146,0.290075,0.383085,0.000002
331,0.101926,0.960938,4049.648438,-0.298638,-0.400564,-0.365265,0.101926,0.101926,0.066888,0.298688,0.373705,0.000002
332,0.107817,0.890625,3958.695312,-0.307315,-0.415131,-0.376285,0.107817,0.107817,0.069496,0.307087,0.396142,0.000002
333,0.102173,0.906250,3993.574219,-0.296929,-0.399102,-0.363900,0.102173,0.102173,0.066877,0.295246,0.455469,0.000002
334,0.102652,0.957031,4080.996094,-0.307345,-0.409997,-0.374268,0.102652,0.102652,0.067514,0.307454,0.358867,0.000002
335,0.102790,0.933594,4026.492188,-0.305130,-0.407920,-0.373526,0.102790,0.102790,0.068299,0.303785,0.394580,0.000002
336,0.107045,0.898438,4031.738281,-0.311778,-0.418823,-0.381975,0.107045,0.107045,0.070152,0.312140,0.397221,0.000002
337,0.097777,0.960938,4075.328125,-0.288426,-0.386203,-0.353100,0.097777,0.097777,0.065019,0.288165,0.365021,0.000002
338,0.104304,0.914062,4018.250000,-0.307983,-0.412287,-0.377320,0.104304,0.104304,0.069311,0.307345,0.369162,0.000002
339,0.100335,0.890625,4009.101562,-0.294415,-0.394750,-0.359823,0.100335,0.100335,0.066013,0.295203,0.409999,0.000002
340,0.101381,0.937500,4052.378906,-0.301183,-0.402564,-0.370477,0.101381,0.101381,0.068916,0.299995,0.377451,0.000002
341,0.102464,0.968750,4071.628906,-0.305511,-0.407975,-0.374415,0.102464,0.102464,0.069153,0.304866,0.360935,0.000002
342,0.105708,0.957031,4053.910156,-0.306497,-0.412205,-0.374579,0.105708,0.105708,0.068269,0.306220,0.368457,0.000002
343,0.104162,0.894531,4026.925781,-0.305367,-0.409530,-0.374727,0.104162,0.104162,0.069396,0.304702,0.375719,0.000002
344,0.095447,0.902344,4007.789062,-0.289880,-0.385327,-0.355621,0.095447,0.095447,0.065748,0.289918,0.416404,0.000002
345,0.099660,0.914062,4026.484375,-0.301458,-0.401118,-0.371143,0.099660,0.099660,0.069701,0.300266,0.382452,0.000002
346,0.102609,0.878906,3961.191406,-0.298513,-0.401122,-0.367419,0.102609,0.102609,0.068652,0.297774,0.396886,0.000002
347,0.106094,0.894531,3948.050781,-0.316110,-0.422204,-0.388153,0.106094,0.106094,0.071781,0.314852,0.392859,0.000002
348,0.102439,0.906250,4001.441406,-0.301057,-0.403496,-0.369029,0.102439,0.102439,0.068280,0.301600,0.381575,0.000002
349,0.103016,0.910156,4005.429688,-0.308571,-0.411587,-0.379591,0.103016,0.103016,0.071550,0.309362,0.405824,0.000002
350,0.092723,0.976562,4087.851562,-0.291012,-0.383735,-0.356540,0.092723,0.092723,0.065382,0.289967,0.344404,0.000002
351,0.103472,0.917969,4048.492188,-0.290196,-0.393669,-0.356583,0.103472,0.103472,0.066360,0.289735,0.402061,0.000002
352,0.098684,0.925781,4025.761719,-0.288579,-0.387263,-0.355173,0.098684,0.098684,0.066098,0.286720,0.416745,0.000002
353,0.098673,0.941406,4045.890625,-0.294303,-0.392977,-0.361335,0.098673,0.098673,0.067025,0.294112,0.410713,0.000002
354,0.098894,0.960938,4074.164062,-0.295433,-0.394327,-0.362126,0.098894,0.098894,0.066539,0.294510,0.364914,0.000002
355,0.100107,0.867188,3979.089844,-0.286853,-0.386960,-0.350606,0.100107,0.100107,0.064157,0.286652,0.382251,0.000002
356,0.106418,0.941406,4041.148438,-0.311337,-0.417755,-0.380880,0.106418,0.106418,0.069487,0.310926,0.363248,0.000002
357,0.104361,0.933594,4042.359375,-0.301856,-0.406216,-0.369803,0.104361,0.104361,0.068009,0.300773,0.382141,0.000002
358,0.104430,0.914062,4043.824219,-0.303144,-0.407574,-0.370242,0.104430,0.104430,0.067093,0.302634,0.453520,0.000002
359,0.094884,0.906250,4012.882812,-0.290388,-0.385273,-0.355742,0.094885,0.094885,0.065496,0.290136,0.373803,0.000002
360,0.103390,0.917969,4015.257812,-0.305375,-0.408765,-0.374070,0.103390,0.103390,0.069004,0.305472,0.369304,0.000002
361,0.103470,0.921875,4037.804688,-0.312948,-0.416418,-0.383128,0.103470,0.103470,0.070569,0.312020,0.409349,0.000002
362,0.101035,0.953125,4048.867188,-0.309592,-0.410627,-0.379504,0.101035,0.101035,0.069990,0.309031,0.427628,0.000002
363,0.095203,0.890625,4028.746094,-0.278912,-0.374115,-0.342303,0.095203,0.095203,0.063353,0.278673,0.385726,0.000002
364,0.096757,0.890625,4022.542969,-0.291986,-0.388742,-0.359261,0.096757,0.096757,0.067168,0.290543,0.386274,0.000002
365,0.094662,0.917969,4052.847656,-0.290952,-0.385614,-0.356544,0.094662,0.094662,0.065913,0.291023,0.360905,0.000002
366,0.106060,0.941406,4047.339844,-0.307573,-0.413633,-0.376034,0.106060,0.106060,0.069054,0.307642,0.389224,0.000002
367,0.103237,0.875000,3985.218750,-0.309552,-0.412789,-0.379248,0.103237,0.103237,0.069887,0.309739,0.361585,0.000002
368,0.103997,0.945312,4037.082031,-0.298270,-0.402267,-0.364398,0.103997,0.103997,0.066531,0.298408,0.419147,0.000002
369,0.098299,0.929688,4034.511719,-0.292198,-0.390497,-0.358830,0.098299,0.098299,0.066665,0.291109,0.409229,0.000002
370,0.098480,0.945312,4056.101562,-0.301758,-0.400238,-0.371128,0.098480,0.098480,0.069219,0.300485,0.356095,0.000002
371,0.100547,0.890625,4022.757812,-0.300893,-0.401440,-0.371056,0.100547,0.100547,0.069869,0.300425,0.364148,0.000002
372,0.098253,0.960938,4072.886719,-0.291596,-0.389850,-0.356058,0.098253,0.098253,0.064765,0.291876,0.380572,0.000002
373,0.102967,0.902344,4013.445312,-0.311531,-0.414498,-0.381083,0.102967,0.102967,0.070133,0.311871,0.386237,0.000002
374,0.098738,0.933594,4047.089844,-0.303149,-0.401887,-0.371643,0.098738,0.098738,0.068347,0.301991,0.359201,0.000002
375,0.105979,0.898438,3996.121094,-0.309166,-0.415144,-0.378561,0.105979,0.105979,0.069653,0.309225,0.387955,0.000002
376,0.102652,0.941406,4040.488281,-0.299151,-0.401803,-0.365344,0.102652,0.102652,0.066301,0.298489,0.403226,0.000002
377,0.101780,0.875000,3972.695312,-0.291132,-0.392911,-0.356930,0.101780,0.101780,0.065969,0.291251,0.411562,0.000002
378,0.108428,0.960938,4077.839844,-0.316461,-0.424889,-0.387934,0.108428,0.108428,0.071659,0.316377,0.380291,0.000002
379,0.104442,0.921875,4034.351562,-0.308224,-0.412666,-0.377790,0.104442,0.104442,0.070008,0.308738,0.385640,0.000002
380,0.111440,0.914062,4022.515625,-0.325100,-0.436540,-0.399584,0.111440,0.111440,0.074696,0.324370,0.397475,0.000002
381,0.093984,0.917969,4032.699219,-0.286662,-0.380646,-0.351985,0.093984,0.093984,0.066015,0.288054,0.375659,0.000002
382,0.109844,0.921875,3987.648438,-0.312689,-0.422532,-0.385041,0.109844,0.109844,0.072204,0.312010,0.410502,0.000002
383,0.098578,0.855469,3915.890625,-0.298538,-0.397116,-0.369201,0.098578,0.098578,0.070951,0.298658,0.370677,0.000002
384,0.106517,0.910156,4032.511719,-0.314123,-0.420640,-0.386230,0.106517,0.106517,0.072203,0.312820,0.402285,0.000002
385,0.106857,0.914062,3978.863281,-0.308831,-0.415688,-0.379062,0.106857,0.106857,0.070000,0.308213,0.410211,0.000002
386,0.100859,0.886719,3934.761719,-0.306876,-0.407735,-0.377267,0.100859,0.100859,0.070053,0.305879,0.369008,0.000002
387,0.105527,0.957031,4053.183594,-0.318867,-0.424394,-0.391371,0.105527,0.105527,0.072883,0.318205,0.463143,0.000002
388,0.102427,0.917969,3993.976562,-0.301539,-0.403966,-0.370376,0.102427,0.102427,0.068922,0.301144,0.566243,0.000002
389,0.094942,0.894531,4018.250000,-0.293096,-0.388038,-0.360878,0.094942,0.094942,0.067965,0.292621,0.369971,0.000002
390,0.096172,0.953125,4057.351562,-0.289303,-0.385475,-0.354889,0.096172,0.096172,0.066034,0.289414,0.372677,0.000002
391,0.099940,0.878906,3983.898438,-0.304470,-0.404410,-0.375565,0.099940,0.099940,0.071155,0.303408,0.401591,0.000002
392,0.098870,0.933594,4018.964844,-0.295618,-0.394489,-0.363485,0.098870,0.098870,0.068051,0.295381,0.364860,0.000002
393,0.099630,0.929688,4021.214844,-0.303494,-0.403124,-0.373217,0.099630,0.099630,0.070232,0.304241,0.383146,0.000002
394,0.101066,0.863281,3957.203125,-0.298116,-0.399182,-0.367819,0.101066,0.101066,0.069611,0.297665,0.395028,0.000002
395,0.105002,0.949219,4060.199219,-0.306556,-0.411559,-0.375553,0.105002,0.105002,0.068712,0.306400,0.381498,0.000002
396,0.099356,0.871094,3966.460938,-0.306786,-0.406142,-0.377811,0.099356,0.099356,0.070898,0.305777,0.383154,0.000002
397,0.104926,0.917969,4037.257812,-0.303650,-0.408576,-0.372670,0.104926,0.104926,0.069124,0.303364,0.398119,0.000002
398,0.097383,0.933594,4047.722656,-0.297997,-0.395380,-0.366560,0.097383,0.097383,0.068860,0.297793,0.406183,0.000002
399,0.102913,0.929688,4049.609375,-0.300599,-0.403512,-0.368080,0.102913,0.102913,0.067621,0.300596,0.445423,0.000002
400,0.098956,0.906250,3979.714844,-0.294332,-0.393288,-0.360811,0.098956,0.098956,0.066082,0.292230,0.392622,0.000002
401,0.096713,0.960938,4030.750000,-0.290224,-0.386937,-0.355765,0.096713,0.096713,0.065241,0.288636,0.368698,0.000002
402,0.099663,0.914062,4024.707031,-0.285035,-0.384698,-0.350939,0.099663,0.099663,0.066481,0.284868,0.418000,0.000002
403,0.108629,0.875000,3974.464844,-0.311042,-0.419671,-0.381386,0.108629,0.108629,0.070518,0.310736,0.418665,0.000002
404,0.098818,0.937500,4042.007812,-0.296562,-0.395380,-0.364633,0.098818,0.098818,0.067986,0.296238,0.381577,0.000002
405,0.097637,0.914062,4017.144531,-0.297468,-0.395105,-0.365885,0.097637,0.097637,0.068367,0.297614,0.367677,0.000002
406,0.101400,0.949219,4059.980469,-0.305944,-0.407344,-0.376932,0.101400,0.101400,0.070696,0.304540,0.385375,0.000002
407,0.093768,0.960938,4081.593750,-0.297763,-0.391531,-0.366891,0.093768,0.093768,0.069451,0.298156,0.342368,0.000002
408,0.101233,0.968750,4074.386719,-0.301718,-0.402950,-0.371013,0.101233,0.101233,0.069703,0.299984,0.374377,0.000002
409,0.101657,0.925781,4041.992188,-0.297302,-0.398959,-0.366356,0.101657,0.101657,0.069315,0.296514,0.359166,0.000002
410,0.099987,0.941406,4057.121094,-0.301636,-0.401623,-0.371459,0.099987,0.099987,0.069699,0.301225,0.370868,0.000002
411,0.099719,0.941406,3990.644531,-0.305145,-0.404865,-0.378046,0.099719,0.099719,0.072965,0.304411,0.373391,0.000002
412,0.100110,0.968750,4067.074219,-0.304731,-0.404841,-0.373739,0.100110,0.100110,0.068963,0.304494,0.371999,0.000002
413,0.096428,0.839844,3936.625000,-0.289820,-0.386248,-0.357642,0.096428,0.096428,0.067556,0.289369,0.389244,0.000002
414,0.096823,0.886719,3938.304688,-0.289206,-0.386029,-0.356215,0.096823,0.096823,0.066827,0.288653,0.386079,0.000002
415,0.111920,0.933594,4041.246094,-0.319160,-0.431080,-0.390831,0.111920,0.111920,0.071919,0.318623,0.400327,0.000002
416,0.106571,0.902344,4004.375000,-0.307361,-0.413931,-0.377377,0.106571,0.106571,0.070560,0.307375,0.403593,0.000002
417,0.101935,0.867188,3911.683594,-0.291779,-0.393714,-0.358516,0.101935,0.101935,0.066821,0.290976,0.385670,0.000002
418,0.103716,0.929688,4038.859375,-0.309422,-0.413138,-0.381348,0.103715,0.103715,0.071693,0.308520,0.690040,0.000002
419,0.103618,0.898438,3973.609375,-0.312277,-0.415894,-0.384729,0.103618,0.103618,0.072023,0.311874,0.361980,0.000002
420,0.102001,0.910156,3984.390625,-0.301751,-0.403752,-0.369623,0.102001,0.102001,0.068391,0.302057,0.386093,0.000002
421,0.100026,0.957031,4054.257812,-0.307559,-0.407586,-0.378986,0.100027,0.100027,0.071247,0.307270,0.405267,0.000002
422,0.097362,0.914062,4010.148438,-0.290444,-0.387807,-0.357245,0.097362,0.097362,0.066698,0.289592,0.401173,0.000002
423,0.100876,0.894531,4019.429688,-0.306032,-0.406908,-0.377092,0.100876,0.100876,0.071392,0.305552,0.387043,0.000002
424,0.097126,0.933594,4046.000000,-0.285735,-0.382862,-0.351790,0.097126,0.097126,0.066664,0.285874,0.518880,0.000002
425,0.102928,0.878906,4011.464844,-0.302139,-0.405066,-0.371880,0.102928,0.102928,0.069527,0.301889,0.379926,0.000002
426,0.101479,0.875000,4010.656250,-0.297600,-0.399079,-0.365069,0.101479,0.101479,0.067523,0.296372,0.376676,0.000002
427,0.096978,0.953125,4054.691406,-0.294595,-0.391573,-0.361929,0.096978,0.096978,0.067269,0.293969,0.390460,0.000002
428,0.104800,0.980469,4063.265625,-0.312747,-0.417547,-0.383702,0.104800,0.104800,0.071607,0.312525,0.400190,0.000002
429,0.106699,0.941406,4026.628906,-0.307266,-0.413965,-0.376136,0.106699,0.106699,0.069154,0.307231,0.487461,0.000002
430,0.098933,0.953125,4063.496094,-0.298153,-0.397086,-0.365561,0.098933,0.098933,0.067645,0.297495,0.368696,0.000002
431,0.103004,0.894531,4025.289062,-0.303074,-0.406078,-0.372759,0.103004,0.103004,0.070018,0.302079,0.389065,0.000002
432,0.105761,0.898438,3987.113281,-0.309225,-0.414986,-0.378810,0.105761,0.105761,0.069655,0.309151,0.437829,0.000002
433,0.097888,0.910156,3991.515625,-0.290178,-0.388067,-0.356569,0.097888,0.097888,0.066961,0.290598,0.394485,0.000002
434,0.106591,0.898438,3996.085938,-0.309041,-0.415633,-0.379382,0.106591,0.106591,0.070271,0.308357,0.388319,0.000002
435,0.103855,0.941406,4014.050781,-0.300765,-0.404620,-0.368272,0.103855,0.103855,0.068314,0.301696,0.390551,0.000002
436,0.096263,0.929688,4030.976562,-0.295533,-0.391796,-0.363492,0.096263,0.096263,0.068202,0.295144,0.369532,0.000002
437,0.098921,0.921875,4034.730469,-0.295741,-0.394662,-0.365163,0.098921,0.098921,0.069324,0.295627,0.363282,0.000002
438,0.104009,0.972656,4077.679688,-0.312657,-0.416667,-0.383583,0.104009,0.104009,0.071476,0.312616,0.373108,0.000002
439,0.099311,0.949219,4057.468750,-0.291596,-0.390907,-0.358945,0.099311,0.099311,0.067400,0.291202,0.383501,0.000002
440,0.099655,0.925781,4028.289062,-0.304999,-0.404654,-0.376586,0.099655,0.099655,0.071445,0.303953,0.362362,0.000002
441,0.098164,0.875000,3963.292969,-0.301652,-0.399816,-0.372693,0.098164,0.098164,0.070324,0.300305,0.374772,0.000002
442,0.099316,0.898438,3980.023438,-0.305132,-0.404448,-0.375267,0.099316,0.099316,0.069887,0.304289,0.387333,0.000002
443,0.094495,0.910156,4027.738281,-0.288167,-0.382663,-0.354671,0.094495,0.094495,0.066654,0.287703,0.390083,0.000002
444,0.103574,0.929688,4022.726562,-0.299074,-0.402648,-0.366451,0.103574,0.103574,0.067542,0.298488,0.465193,0.000002
445,0.102605,0.914062,3999.671875,-0.298867,-0.401472,-0.367236,0.102605,0.102605,0.068483,0.298944,0.384516,0.000002
446,0.098554,0.925781,4011.824219,-0.293967,-0.392522,-0.362779,0.098554,0.098554,0.068529,0.292536,0.365823,0.000002
447,0.102027,0.910156,4006.222656,-0.301153,-0.403180,-0.372475,0.102027,0.102027,0.071312,0.300506,0.376260,0.000002
448,0.102266,0.949219,4056.625000,-0.308901,-0.411166,-0.379454,0.102266,0.102266,0.070957,0.308177,0.376858,0.000002
449,0.105692,0.910156,4031.664062,-0.314877,-0.420569,-0.386977,0.105692,0.105692,0.072004,0.313963,0.365333,0.000002
450,0.100134,0.898438,4027.949219,-0.299946,-0.400080,-0.369266,0.100134,0.100134,0.069210,0.298976,0.391804,0.000002
451,0.096067,0.839844,3950.425781,-0.287159,-0.383226,-0.354967,0.096067,0.096067,0.067860,0.287417,0.369174,0.000002
452,0.100863,0.953125,4073.339844,-0.305524,-0.406387,-0.377800,0.100863,0.100863,0.072016,0.304734,0.382843,0.000002
453,0.100921,0.914062,4017.957031,-0.300089,-0.401010,-0.369552,0.100921,0.100921,0.069611,0.299457,0.416149,0.000002
454,0.098464,0.914062,3998.945312,-0.299421,-0.397886,-0.370150,0.098464,0.098464,0.071050,0.298344,0.381416,0.000002
455,0.099986,0.937500,4004.812500,-0.300240,-0.400225,-0.369805,0.099986,0.099986,0.069600,0.299960,0.440312,0.000002
456,0.104625,0.906250,4027.035156,-0.298530,-0.403154,-0.366945,0.104625,0.104625,0.068460,0.298079,0.380451,0.000002
457,0.103963,0.949219,4075.300781,-0.301939,-0.405902,-0.370476,0.103963,0.103963,0.068748,0.302111,0.644311,0.000002
458,0.094698,0.902344,3974.164062,-0.285141,-0.379839,-0.351144,0.094698,0.094698,0.065988,0.285128,0.397570,0.000002
459,0.092407,0.894531,4037.750000,-0.279981,-0.372389,-0.344116,0.092407,0.092407,0.064370,0.279675,0.365068,0.000002
460,0.107497,0.906250,3993.949219,-0.310342,-0.417839,-0.381709,0.107497,0.107497,0.071649,0.310213,0.409377,0.000002
461,0.096531,0.910156,4040.714844,-0.294135,-0.390665,-0.361419,0.096531,0.096531,0.066990,0.293656,0.373392,0.000002
462,0.098715,0.898438,3990.503906,-0.295349,-0.394064,-0.365116,0.098715,0.098715,0.069544,0.293784,0.371714,0.000002
463,0.096091,0.859375,3951.128906,-0.291450,-0.387540,-0.361411,0.096091,0.096091,0.069813,0.290599,0.361996,0.000002
464,0.106241,0.976562,4082.953125,-0.305191,-0.411432,-0.374124,0.106241,0.106241,0.068878,0.305030,0.392415,0.000002
465,0.096822,0.894531,4017.128906,-0.304682,-0.401504,-0.375178,0.096822,0.096822,0.070878,0.304811,0.368188,0.000002
466,0.099143,0.933594,4028.777344,-0.303283,-0.402425,-0.372269,0.099143,0.099143,0.069593,0.303299,0.418290,0.000002
467,0.100874,0.972656,4085.238281,-0.292032,-0.392906,-0.357376,0.100874,0.100874,0.065862,0.292625,0.387245,0.000002
468,0.098858,0.910156,3991.562500,-0.294577,-0.393435,-0.362783,0.098858,0.098858,0.068063,0.293986,0.433059,0.000002
469,0.097319,0.894531,3949.023438,-0.288870,-0.386189,-0.356130,0.097319,0.097319,0.067584,0.288256,0.381049,0.000002
470,0.094193,0.910156,3998.871094,-0.284518,-0.378710,-0.351202,0.094193,0.094193,0.066467,0.283890,0.450612,0.000002
471,0.098411,0.941406,4040.378906,-0.288641,-0.387051,-0.355457,0.098411,0.098411,0.067101,0.288427,0.389210,0.000002
472,0.100889,0.929688,4047.296875,-0.303315,-0.404204,-0.371459,0.100889,0.100889,0.068514,0.303639,0.458652,0.000002
473,0.098279,0.863281,3942.902344,-0.295018,-0.393297,-0.364331,0.098279,0.098279,0.068994,0.294687,0.376410,0.000002
474,0.104239,0.914062,4023.000000,-0.311293,-0.415533,-0.383719,0.104239,0.104239,0.072498,0.310736,0.399340,0.000002
475,0.101941,0.960938,4044.503906,-0.312156,-0.414097,-0.384014,0.101941,0.101941,0.072028,0.311471,0.378036,0.000002
476,0.101370,0.882812,3979.152344,-0.291997,-0.393367,-0.359222,0.101370,0.101370,0.067111,0.292056,0.363797,0.000002
477,0.101944,0.953125,4049.742188,-0.307270,-0.409214,-0.378548,0.101944,0.101944,0.071488,0.306233,0.368109,0.000002
478,0.091546,0.894531,4015.746094,-0.287281,-0.378827,-0.354808,0.091546,0.091546,0.067929,0.287612,0.394790,0.000002
479,0.101978,0.921875,4034.445312,-0.313803,-0.415781,-0.387156,0.101978,0.101978,0.073636,0.313330,0.383191,0.000002
480,0.097849,0.949219,4063.203125,-0.301788,-0.399637,-0.371358,0.097849,0.097849,0.069702,0.301054,0.388159,0.000002
481,0.099460,0.925781,4040.179688,-0.306142,-0.405602,-0.378571,0.099459,0.099459,0.072132,0.305671,0.360256,0.000002
482,0.100805,0.941406,4043.738281,-0.297635,-0.398439,-0.367065,0.100805,0.100805,0.069586,0.297093,0.360273,0.000002
483,0.101536,0.921875,4017.519531,-0.305618,-0.407154,-0.375925,0.101536,0.101536,0.070121,0.305476,0.392812,0.000002
484,0.094320,0.917969,4022.996094,-0.290140,-0.384459,-0.357776,0.094320,0.094320,0.067809,0.290122,0.357283,0.000002
485,0.100317,0.878906,4003.050781,-0.299627,-0.399945,-0.368354,0.100317,0.100317,0.068802,0.298981,0.370755,0.000002
486,0.099651,0.906250,3996.625000,-0.298101,-0.397752,-0.366512,0.099651,0.099651,0.068429,0.298857,0.450694,0.000002
487,0.099743,0.921875,4013.800781,-0.288467,-0.388210,-0.353208,0.099743,0.099743,0.064897,0.287872,0.378712,0.000002
488,0.096296,0.828125,3909.992188,-0.302529,-0.398826,-0.373270,0.096296,0.096296,0.070914,0.302647,0.379371,0.000002
489,0.102809,0.917969,3991.464844,-0.296383,-0.399192,-0.363286,0.102809,0.102809,0.067351,0.296314,0.458055,0.000002
490,0.102009,0.949219,4007.191406,-0.297822,-0.399831,-0.366318,0.102009,0.102009,0.068524,0.297757,0.409485,0.000002
491,0.100363,0.910156,3992.230469,-0.311196,-0.411558,-0.384763,0.100363,0.100363,0.073296,0.310060,0.397696,0.000002
492,0.097375,0.929688,4027.996094,-0.296685,-0.394060,-0.366342,0.097375,0.097375,0.069416,0.296024,0.357107,0.000002
493,0.095088,0.910156,3996.207031,-0.297825,-0.392913,-0.367335,0.095088,0.095088,0.069653,0.297243,0.364656,0.000002
494,0.098860,0.843750,3918.144531,-0.295880,-0.394739,-0.365804,0.098860,0.098860,0.069809,0.295106,0.404104,0.000002
495,0.098930,0.851562,3925.402344,-0.293652,-0.392582,-0.362355,0.098930,0.098930,0.068907,0.293177,0.406681,0.000002
496,0.087924,0.898438,4019.894531,-0.284282,-0.372206,-0.351428,0.087924,0.087924,0.067297,0.284306,0.364869,0.000002
497,0.093253,0.847656,3885.757812,-0.283162,-0.376414,-0.350413,0.093253,0.093253,0.067091,0.283316,0.396088,0.000002
498,0.101486,0.843750,3916.093750,-0.296157,-0.397643,-0.365349,0.101486,0.101486,0.069235,0.295212,0.384599,0.000002
499,0.097457,0.945312,4020.500000,-0.285550,-0.383007,-0.351247,0.097457,0.097457,0.065585,0.284638,0.394909,0.000002
500,0.098562,0.878906,3991.070312,-0.288317,-0.386880,-0.354051,0.098562,0.098562,0.065817,0.287431,0.382949,0.000002
501,0.100018,0.933594,4044.121094,-0.300931,-0.400948,-0.369601,0.100018,0.100018,0.068935,0.300277,0.366870,0.000002
502,0.104972,0.933594,4041.121094,-0.314745,-0.419717,-0.386092,0.104972,0.104972,0.071621,0.314529,0.401861,0.000002
503,0.103252,0.906250,4018.414062,-0.298324,-0.401576,-0.365732,0.103252,0.103252,0.067260,0.297659,0.709038,0.000002
504,0.101287,0.933594,4039.003906,-0.307457,-0.408744,-0.377314,0.101287,0.101287,0.070101,0.307640,0.382499,0.000002
505,0.103709,0.890625,3973.578125,-0.306201,-0.409910,-0.375775,0.103709,0.103709,0.069669,0.305198,0.445381,0.000002
506,0.097354,0.945312,4057.042969,-0.296231,-0.393585,-0.365263,0.097354,0.097354,0.068991,0.295386,0.369324,0.000002
507,0.094966,0.914062,4014.734375,-0.287760,-0.382726,-0.354020,0.094966,0.094966,0.066708,0.288304,0.590967,0.000002
508,0.102007,0.914062,4026.851562,-0.307006,-0.409014,-0.377373,0.102007,0.102007,0.070606,0.306282,0.382303,0.000002
509,0.105004,0.945312,4050.800781,-0.306844,-0.411848,-0.376323,0.105004,0.105004,0.070012,0.306366,0.399452,0.000002
510,0.099379,0.902344,4026.796875,-0.308803,-0.408183,-0.380700,0.099379,0.099379,0.072093,0.308852,0.357356,0.000002
511,0.104643,0.894531,4015.023438,-0.313591,-0.418234,-0.387691,0.104643,0.104643,0.073790,0.312928,0.385584,0.000002
512,0.090764,0.917969,4033.152344,-0.287712,-0.378476,-0.354019,0.090764,0.090764,0.066497,0.287180,0.359805,0.000002
513,0.107565,0.949219,4026.375000,-0.317317,-0.424882,-0.390032,0.107565,0.107565,0.072619,0.316493,0.402974,0.000002
514,0.099770,0.902344,4008.738281,-0.294689,-0.394460,-0.363272,0.099770,0.099770,0.068311,0.294232,0.367390,0.000002
515,0.105566,0.914062,4027.460938,-0.314778,-0.420344,-0.386851,0.105566,0.105566,0.072429,0.314223,0.376217,0.000002
516,0.101837,0.839844,3907.722656,-0.305542,-0.407379,-0.377875,0.101837,0.101837,0.072479,0.305670,0.402576,0.000002
517,0.094705,0.871094,3957.707031,-0.292902,-0.387607,-0.361815,0.094705,0.094705,0.068616,0.292459,0.375045,0.000002
518,0.110121,0.925781,4020.464844,-0.307144,-0.417265,-0.377494,0.110121,0.110121,0.070620,0.306481,0.435276,0.000002
519,0.095622,0.949219,4060.074219,-0.298749,-0.394371,-0.368801,0.095622,0.095622,0.070070,0.298333,0.381571,0.000002
520,0.096860,0.933594,4045.562500,-0.302078,-0.398938,-0.373533,0.096860,0.096860,0.071073,0.300716,0.381548,0.000002
521,0.095232,0.933594,4060.796875,-0.291933,-0.387164,-0.360679,0.095232,0.095232,0.068781,0.290869,0.382295,0.000002
522,0.099106,0.902344,4003.230469,-0.293330,-0.392436,-0.361090,0.099106,0.099106,0.067768,0.292330,0.511780,0.000002
523,0.099455,0.964844,4077.515625,-0.302646,-0.402101,-0.374256,0.099455,0.099455,0.071433,0.301153,0.367897,0.000002
524,0.103239,0.894531,3960.246094,-0.308783,-0.412022,-0.380688,0.103239,0.103239,0.072302,0.308674,0.394493,0.000002
525,0.093753,0.890625,3979.082031,-0.287659,-0.381412,-0.356344,0.093753,0.093753,0.068716,0.288052,0.360692,0.000002
526,0.100213,0.925781,4042.398438,-0.300613,-0.400826,-0.371167,0.100213,0.100213,0.070617,0.299948,0.396734,0.000002
527,0.098333,0.980469,4082.062500,-0.302705,-0.401038,-0.372096,0.098333,0.098333,0.069757,0.303016,0.365876,0.000002
528,0.095903,0.914062,4028.355469,-0.302547,-0.398450,-0.372299,0.095903,0.095903,0.070010,0.302292,0.423962,0.000002
529,0.095090,0.859375,3923.257812,-0.292230,-0.387319,-0.362084,0.095090,0.095090,0.070054,0.292273,0.362916,0.000002
530,0.101129,0.894531,4011.156250,-0.304224,-0.405353,-0.376395,0.101129,0.101129,0.072738,0.304247,0.388042,0.000002
531,0.093341,0.953125,4049.425781,-0.294025,-0.387367,-0.362475,0.093341,0.093341,0.068457,0.293397,0.359532,0.000002
532,0.095537,0.917969,4020.714844,-0.293651,-0.389189,-0.361648,0.095537,0.095537,0.068091,0.294076,0.355360,0.000002
533,0.098093,0.886719,3966.125000,-0.300053,-0.398145,-0.369387,0.098093,0.098093,0.069595,0.301034,0.406055,0.000002
534,0.098811,0.906250,3986.230469,-0.291256,-0.390068,-0.360554,0.098811,0.098811,0.069075,0.290475,0.385062,0.000002
535,0.099400,0.910156,4026.773438,-0.300814,-0.400215,-0.369915,0.099400,0.099400,0.069703,0.301319,0.387719,0.000002
536,0.101830,0.886719,4000.105469,-0.298731,-0.400561,-0.367819,0.101830,0.101830,0.069069,0.297700,0.385771,0.000002
537,0.095922,0.878906,3984.546875,-0.294400,-0.390322,-0.363574,0.095922,0.095922,0.069028,0.294228,0.381972,0.000002
538,0.097594,0.921875,4029.296875,-0.294575,-0.392169,-0.364420,0.097594,0.097594,0.070014,0.293803,0.404630,0.000002
539,0.097084,0.910156,4009.179688,-0.293194,-0.390278,-0.361503,0.097084,0.097084,0.068203,0.292432,0.366990,0.000002
540,0.095817,0.894531,4004.082031,-0.291244,-0.387061,-0.358658,0.095817,0.095817,0.067433,0.289973,0.399022,0.000002
541,0.093510,0.941406,4029.945312,-0.293570,-0.387080,-0.361582,0.093510,0.093510,0.068131,0.292764,0.371940,0.000002
542,0.100009,0.933594,4031.800781,-0.302039,-0.402048,-0.371009,0.100009,0.100009,0.068982,0.302005,0.382990,0.000002
543,0.101705,0.917969,3997.484375,-0.295645,-0.397350,-0.363483,0.101705,0.101705,0.067709,0.295510,0.390409,0.000002
544,0.100103,0.906250,3972.371094,-0.301842,-0.401945,-0.371285,0.100103,0.100103,0.069630,0.301933,0.395338,0.000002
545,0.095332,0.933594,4031.296875,-0.299239,-0.394571,-0.369018,0.095332,0.095332,0.069982,0.298382,0.359280,0.000002
546,0.098074,0.929688,4051.113281,-0.299517,-0.397591,-0.369356,0.098074,0.098074,0.069968,0.298640,0.377100,0.000002
547,0.097903,0.914062,3993.464844,-0.304666,-0.402569,-0.376843,0.097903,0.097903,0.072358,0.305070,0.390156,0.000002
548,0.093666,0.886719,3925.820312,-0.298552,-0.392218,-0.370164,0.093666,0.093666,0.071362,0.297362,0.416896,0.000002
549,0.096775,0.964844,4079.761719,-0.294973,-0.391748,-0.363233,0.096775,0.096775,0.068519,0.294243,0.384443,0.000002
550,0.107470,0.972656,4065.136719,-0.323138,-0.430608,-0.397454,0.107470,0.107470,0.074262,0.321810,0.365816,0.000002
551,0.091875,0.906250,4021.464844,-0.286451,-0.378326,-0.354500,0.091875,0.091875,0.068145,0.285917,0.375707,0.000002
552,0.105679,0.960938,4027.003906,-0.315743,-0.421422,-0.390344,0.105679,0.105679,0.074770,0.315767,0.417466,0.000002
553,0.098616,0.968750,4045.218750,-0.298526,-0.397142,-0.368688,0.098616,0.098616,0.069969,0.297330,0.387478,0.000002
554,0.085242,0.839844,3894.789062,-0.276890,-0.362132,-0.345131,0.085242,0.085242,0.067776,0.275608,0.349392,0.000002
555,0.104357,0.937500,4053.648438,-0.311630,-0.415987,-0.384192,0.104357,0.104357,0.072979,0.312416,0.356498,0.000002
556,0.102441,0.949219,4054.410156,-0.306213,-0.408654,-0.377715,0.102441,0.102441,0.072016,0.305611,0.387977,0.000002
557,0.101725,0.851562,3943.234375,-0.303618,-0.405343,-0.374815,0.101725,0.101725,0.070933,0.304361,0.388143,0.000002
558,0.091203,0.925781,3986.421875,-0.286217,-0.377420,-0.353897,0.091203,0.091203,0.068150,0.286165,0.373394,0.000002
559,0.091890,0.960938,4078.773438,-0.282708,-0.374598,-0.347858,0.091890,0.091890,0.065206,0.283472,0.355906,0.000002
560,0.101341,0.906250,4005.707031,-0.314559,-0.415901,-0.390068,0.101341,0.101341,0.075283,0.313378,0.407205,0.000002
561,0.101456,0.933594,4049.261719,-0.301158,-0.402614,-0.371292,0.101456,0.101456,0.070149,0.300676,0.369050,0.000002
562,0.100654,0.953125,4040.304688,-0.299351,-0.400005,-0.369153,0.100654,0.100654,0.069757,0.299120,0.366671,0.000002
563,0.096752,0.949219,4066.632812,-0.306571,-0.403323,-0.379142,0.096752,0.096752,0.072537,0.306054,0.363126,0.000002
564,0.093961,0.894531,3980.789062,-0.292801,-0.386762,-0.362324,0.093961,0.093961,0.069302,0.292268,0.363811,0.000002
565,0.098191,0.878906,3960.757812,-0.312726,-0.410916,-0.387102,0.098191,0.098191,0.074297,0.311526,0.548479,0.000002
566,0.095164,0.851562,3944.980469,-0.303577,-0.398741,-0.376069,0.095164,0.095164,0.072489,0.302542,0.394281,0.000002
567,0.092529,0.917969,3975.957031,-0.285096,-0.377625,-0.351191,0.092529,0.092529,0.066474,0.284085,0.388167,0.000002
568,0.093441,0.910156,4000.097656,-0.291178,-0.384619,-0.359046,0.093441,0.093441,0.067907,0.290978,0.542330,0.000002
569,0.090621,0.910156,4028.144531,-0.287289,-0.377910,-0.353994,0.090621,0.090621,0.066907,0.287582,0.377330,0.000002
570,0.103272,0.925781,4026.675781,-0.322253,-0.425524,-0.397362,0.103272,0.103272,0.074984,0.320700,0.436521,0.000002
571,0.098731,0.878906,3991.617188,-0.306383,-0.405114,-0.379716,0.098731,0.098731,0.073023,0.305464,0.394480,0.000002
572,0.094588,0.945312,4054.832031,-0.286136,-0.380724,-0.352283,0.094588,0.094588,0.066288,0.286257,0.360844,0.000002
573,0.096142,0.910156,4040.640625,-0.302701,-0.398843,-0.375707,0.096142,0.096142,0.072945,0.301405,0.393544,0.000002
574,0.095793,0.906250,4034.078125,-0.300834,-0.396627,-0.370865,0.095793,0.095793,0.070251,0.299741,0.375857,0.000002
575,0.100207,0.902344,4017.351562,-0.303679,-0.403886,-0.374484,0.100207,0.100207,0.071046,0.303863,0.389392,0.000002
576,0.101427,0.953125,4044.726562,-0.320620,-0.422047,-0.395718,0.101427,0.101427,0.075202,0.320806,0.390502,0.000002
577,0.098470,0.910156,4056.027344,-0.307937,-0.406407,-0.380531,0.098470,0.098470,0.072791,0.307816,0.418404,0.000002
578,0.094225,0.941406,4055.183594,-0.298691,-0.392916,-0.368853,0.094225,0.094225,0.070403,0.299064,0.350405,0.000002
579,0.100192,0.925781,4042.871094,-0.306044,-0.406237,-0.377853,0.100192,0.100192,0.072252,0.305522,0.362525,0.000002
580,0.097504,0.964844,4054.023438,-0.299780,-0.397285,-0.370151,0.097505,0.097505,0.070018,0.298416,0.421758,0.000002
581,0.102291,0.894531,3998.453125,-0.312039,-0.414330,-0.383990,0.102291,0.102291,0.071991,0.311891,0.369503,0.000002
582,0.098966,0.902344,4025.226562,-0.306255,-0.405221,-0.377176,0.098966,0.098966,0.071015,0.305496,0.407095,0.000002
583,0.094502,0.882812,3951.589844,-0.290775,-0.385277,-0.358771,0.094502,0.094502,0.068005,0.290890,0.363947,0.000002
584,0.098714,0.937500,4034.546875,-0.298825,-0.397540,-0.368442,0.098714,0.098714,0.069759,0.298811,0.346848,0.000002
585,0.095266,0.917969,4044.414062,-0.302812,-0.398078,-0.373476,0.095266,0.095266,0.070649,0.301899,1.089362,0.000002
586,0.105087,0.949219,4072.753906,-0.318602,-0.423689,-0.392859,0.105087,0.105087,0.074795,0.319115,0.408303,0.000002
587,0.093399,0.933594,4013.960938,-0.291683,-0.385082,-0.360067,0.093399,0.093399,0.068962,0.291825,0.378158,0.000002
588,0.096709,0.925781,3990.304688,-0.309365,-0.406074,-0.383131,0.096709,0.096709,0.073787,0.308556,0.816188,0.000002
589,0.095063,0.859375,3967.703125,-0.291433,-0.386496,-0.361946,0.095063,0.095063,0.069958,0.289943,0.381099,0.000002
590,0.095755,0.871094,3984.214844,-0.296187,-0.391942,-0.368634,0.095755,0.095755,0.071816,0.294327,0.353771,0.000002
591,0.094576,0.925781,4053.421875,-0.301606,-0.396182,-0.372623,0.094576,0.094576,0.071134,0.301100,0.374264,0.000002
592,0.093513,0.878906,3947.054688,-0.285581,-0.379093,-0.354920,0.093513,0.093513,0.068683,0.285130,0.361947,0.000002
593,0.102540,0.886719,3962.433594,-0.312253,-0.414793,-0.385676,0.102540,0.102540,0.073502,0.312049,0.374890,0.000002
594,0.097420,0.914062,4016.847656,-0.296294,-0.393715,-0.366233,0.097420,0.097420,0.069825,0.295608,0.372775,0.000002
595,0.092472,0.953125,4066.253906,-0.285719,-0.378192,-0.351814,0.092472,0.092472,0.066378,0.285509,0.348639,0.000002
596,0.095158,0.906250,4000.742188,-0.292319,-0.387477,-0.361233,0.095158,0.095158,0.068711,0.291595,0.354901,0.000002
597,0.099723,0.902344,3972.496094,-0.302714,-0.402437,-0.373004,0.099723,0.099723,0.070139,0.301700,0.387989,0.000002
598,0.094126,0.964844,4060.671875,-0.296691,-0.390817,-0.366125,0.094126,0.094126,0.069835,0.295882,0.346936,0.000002
599,0.093417,0.921875,4013.667969,-0.299413,-0.392830,-0.370151,0.093417,0.093417,0.070857,0.298836,0.367094,0.000002
